attendance_percent,study_hours_per_day,assignment_score,internal_exam1,internal_exam2,class_participation,sleep_hours,final_score
85.3,4.5,67.7,39.4,52.1,3,4.1,45.8
63.5,4.4,83.4,26.1,32.7,3,4.7,23.0
90.8,6.6,80.2,57.6,18.9,1,5.6,26.4
80.3,5.7,91.4,33.7,54.3,1,5.0,33.0
41.1,0.2,84.5,94.5,84.3,3,8.4,52.2
98.4,0.4,39.8,15.3,77.0,3,4.6,34.3
84.5,4.8,64.5,27.2,49.7,3,9.2,35.5
86.1,3.9,43.8,36.0,65.5,1,5.3,44.1
43.3,2.1,46.4,31.9,52.1,3,4.7,25.0
64.3,3.3,94.6,34.2,64.2,1,4.1,29.9
59.1,6.1,74.6,70.8,59.0,1,8.3,42.7
95.2,6.6,98.0,42.8,72.9,3,5.5,55.6
76.9,4.5,53.4,67.3,58.2,4,7.1,36.7
88.5,3.1,63.0,90.7,95.0,4,4.7,54.6
63.8,2.2,59.0,66.2,51.4,5,9.9,40.6
49.8,4.2,28.6,74.0,16.4,5,4.8,12.3
71.0,2.5,38.9,46.1,35.1,2,6.5,22.4
39.1,4.5,62.2,28.6,57.6,4,9.1,28.3
88.8,5.4,25.4,42.2,60.9,1,5.5,43.4
76.1,0.5,94.5,97.0,62.0,5,5.6,31.5
84.3,0.0,29.9,67.9,75.7,2,8.9,32.1
58.0,1.7,35.8,38.6,38.3,4,5.6,16.3
98.1,7.2,81.2,53.3,71.5,5,4.0,63.4
93.1,5.2,27.8,86.0,74.8,4,6.6,51.7
85.6,1.4,92.0,71.8,50.0,5,4.1,55.2
47.7,7.1,78.1,62.7,49.2,1,9.5,47.0
65.3,3.8,25.5,90.2,30.2,1,7.9,28.3
37.8,3.8,75.3,72.2,50.2,4,7.5,38.2
45.0,7.5,70.5,69.6,81.9,3,5.2,45.8
79.4,0.5,80.6,31.1,92.3,1,8.2,42.8
83.4,1.7,86.3,24.0,65.5,4,8.1,25.6
97.9,4.7,77.5,97.0,40.4,1,4.4,40.6
56.2,1.6,66.9,65.9,73.0,5,9.3,44.0
59.1,5.4,45.8,50.3,77.9,1,7.5,48.5
65.5,1.7,75.8,65.1,43.2,3,8.8,16.5
47.3,0.8,96.6,20.3,85.3,5,5.6,42.1
43.4,1.7,67.0,84.9,21.3,3,4.7,23.3
65.9,3.4,73.1,33.4,15.9,4,8.2,10.9
49.7,1.4,55.0,83.4,25.5,4,8.8,4.7
78.5,1.1,80.5,60.4,28.3,5,6.3,19.9
63.4,6.9,99.8,38.5,89.7,3,4.1,49.0
89.1,2.6,32.8,17.6,51.1,5,8.9,29.8
80.5,2.9,36.2,84.3,38.4,3,5.2,40.0
55.3,0.4,63.2,30.0,51.5,5,6.0,18.4
89.1,2.9,58.5,19.4,48.6,4,7.8,22.8
87.3,2.1,65.7,79.2,40.6,1,4.6,31.4
60.2,4.9,23.9,44.8,26.7,4,4.4,24.1
53.7,1.6,52.3,48.1,70.8,5,4.2,32.0
79.4,7.1,66.6,36.0,26.6,1,9.5,30.0
44.1,7.4,66.8,88.0,80.9,5,5.9,61.5
48.0,0.8,72.6,40.3,32.1,1,8.0,12.8
35.5,0.9,77.6,32.9,77.2,5,9.9,23.8
86.2,0.9,71.3,41.3,83.5,4,8.0,36.3
78.2,5.0,83.2,32.3,25.7,1,7.2,39.2
80.8,1.0,70.0,42.0,22.4,4,7.1,24.5
85.7,6.8,63.0,22.0,95.7,1,6.3,40.8
64.8,6.0,68.5,28.5,54.4,3,7.6,44.2
72.0,6.6,28.1,50.4,68.6,5,9.8,63.3
44.1,4.2,41.9,89.8,17.0,2,8.7,30.8
42.4,8.0,62.2,19.9,38.7,1,6.5,37.3
78.4,0.4,89.8,33.1,58.0,3,6.0,38.3
65.6,3.2,74.3,92.2,90.3,2,9.3,47.4
71.7,2.6,27.2,90.7,38.1,1,4.8,30.1
84.7,7.6,67.4,72.8,80.9,3,9.1,49.7
76.3,4.6,37.7,35.4,71.3,2,5.5,32.9
71.0,6.4,78.7,50.7,24.8,1,8.3,31.2
71.3,1.4,86.2,33.0,39.9,2,8.8,24.2
54.8,7.8,67.5,25.9,35.2,1,6.9,24.9
37.0,4.0,67.3,47.3,52.6,5,5.2,28.1
63.4,3.9,47.1,63.9,69.0,5,9.1,47.5
48.9,7.8,55.7,45.6,51.8,2,6.2,35.5
61.6,3.0,89.1,66.9,35.8,5,5.9,21.8
90.5,3.2,77.9,40.2,74.1,3,7.1,37.1
50.2,4.7,61.6,44.4,64.7,5,6.6,25.0
38.8,1.0,49.5,82.2,59.1,1,8.1,30.0
53.3,2.6,24.0,89.7,62.1,2,4.8,36.1
54.1,1.5,31.4,42.4,33.9,4,6.6,21.1
78.0,0.8,35.4,63.6,72.8,2,9.4,29.0
71.2,6.9,49.9,38.6,47.9,5,4.2,40.1
86.0,4.7,95.5,19.5,45.9,3,6.7,33.3
78.2,2.9,60.4,77.7,27.7,3,8.0,26.7
61.4,3.3,38.8,29.5,65.7,3,9.3,36.5
87.9,3.5,28.5,51.2,66.2,4,7.6,45.8
45.9,5.1,47.1,56.4,43.9,1,8.9,37.9
36.5,7.4,85.3,30.7,88.1,4,5.3,38.6
40.9,7.5,50.7,23.0,86.9,4,6.1,48.5
82.0,3.1,81.8,44.6,24.3,5,9.7,32.1
65.0,2.6,84.2,95.9,74.1,5,9.3,58.1
45.5,3.6,28.9,67.3,48.5,4,7.3,26.2
67.6,4.5,68.7,47.4,100.0,3,6.9,45.5
44.9,3.7,96.7,18.3,34.1,3,6.7,4.5
80.3,5.3,52.2,66.0,38.8,2,4.4,34.1
64.0,4.4,24.1,22.8,52.6,5,9.4,30.8
59.8,2.6,93.9,61.1,37.8,2,8.9,30.7
54.6,2.8,90.7,78.9,73.8,3,6.7,58.0
76.0,3.0,61.8,51.0,55.9,1,5.7,23.2
58.5,0.8,64.2,40.4,33.8,2,6.1,14.3
40.7,1.3,36.9,19.0,58.0,2,4.7,6.0
42.7,5.8,85.6,17.1,90.5,3,8.3,35.6
97.5,3.1,59.9,51.6,82.4,3,7.3,54.7
94.1,1.7,22.7,90.1,57.4,4,5.4,51.9
80.5,4.5,74.6,35.7,39.5,3,7.7,30.0
52.3,6.0,96.0,63.8,30.3,1,9.9,33.0
98.0,2.1,86.3,73.2,89.7,3,4.7,42.0
85.6,6.6,42.2,20.2,75.4,1,6.8,49.4
81.6,7.4,24.3,28.0,63.6,5,7.0,50.7
64.2,4.8,95.2,43.2,89.8,4,5.0,46.1
52.7,5.4,95.0,72.0,25.3,2,7.2,25.7
41.3,0.4,62.6,52.3,73.0,2,7.6,16.3
93.7,7.6,71.4,77.4,33.4,1,4.9,48.3
64.6,3.1,57.0,88.7,25.2,2,4.9,35.7
48.2,7.4,53.6,79.5,54.6,1,9.1,27.2
54.9,4.6,29.6,99.3,47.9,5,5.9,38.3
72.6,0.0,27.7,79.1,95.0,1,7.8,50.0
46.5,0.3,38.6,87.4,42.5,4,7.8,25.7
90.7,5.4,86.9,85.8,84.3,3,9.0,74.0
84.3,4.5,31.7,77.1,78.7,2,8.4,52.6
81.8,0.2,38.1,83.2,71.8,5,9.0,33.4
63.1,5.9,63.9,94.4,93.2,1,7.8,52.8
75.8,6.8,37.2,55.4,49.7,5,6.7,42.0
73.0,4.0,33.1,69.3,48.1,4,6.4,29.0
77.2,3.7,65.1,58.8,28.7,4,6.3,26.6
40.5,0.0,49.4,87.3,38.4,5,6.5,38.3
62.0,6.3,70.1,51.7,89.8,3,4.8,39.3
37.7,2.6,93.0,84.7,55.3,2,6.5,44.9
67.1,7.0,32.1,82.9,44.0,1,6.3,36.8
56.4,3.0,93.1,96.8,33.4,5,4.2,39.9
44.4,4.5,92.2,36.2,56.2,3,5.7,37.1
41.7,2.2,86.3,75.3,75.9,5,8.5,38.2
73.2,1.3,70.5,79.3,39.4,2,7.5,38.4
46.1,6.2,69.6,94.6,79.4,5,8.8,39.3
95.1,4.0,71.1,92.1,68.5,5,7.3,60.1
72.8,4.3,75.2,63.7,81.9,2,9.1,28.8
57.5,7.7,21.3,64.2,36.3,3,8.8,35.7
73.4,7.7,96.6,29.2,68.6,4,4.6,54.5
36.5,6.8,66.8,97.9,28.1,2,9.9,46.4
97.3,1.5,82.5,36.7,45.9,1,4.1,19.2
66.3,4.8,50.2,76.6,76.6,2,7.6,36.0
85.9,7.0,21.0,82.6,68.7,3,8.8,46.9
40.4,3.0,60.8,52.5,31.0,1,6.0,21.8
66.6,0.8,60.6,33.0,88.0,2,7.6,15.5
66.9,6.5,55.0,31.1,19.5,5,6.2,30.6
96.0,3.9,47.2,87.8,65.6,1,4.4,47.5
72.2,4.5,40.0,58.4,98.6,1,4.1,39.7
65.8,7.9,62.2,22.7,60.2,3,4.6,42.1
52.4,4.9,50.0,75.9,83.1,1,4.6,42.3
56.6,3.4,97.6,36.3,65.6,1,7.7,30.2
68.8,3.0,33.8,89.5,81.6,1,7.2,26.6
63.5,3.3,45.6,41.3,70.7,1,6.7,32.0
36.4,0.9,43.5,32.0,73.7,5,8.2,17.1
88.7,6.4,63.5,22.2,34.4,1,4.1,26.2
93.3,6.7,59.9,58.5,78.1,3,5.6,56.4
44.1,2.3,71.5,53.3,35.2,4,8.7,38.9
71.0,2.4,96.0,78.9,98.4,4,9.5,55.5
42.1,7.0,42.8,54.5,34.4,4,6.6,36.9
78.7,0.2,75.4,44.2,35.1,2,4.5,11.2
53.3,4.2,22.0,37.2,88.0,5,8.8,39.3
77.9,3.7,41.0,38.6,35.7,1,9.3,27.4
82.3,5.5,57.1,93.9,45.7,1,6.5,55.5
85.0,1.3,22.5,29.0,75.7,5,5.5,26.1
42.0,5.3,69.4,99.0,28.5,1,4.3,32.2
94.5,3.0,74.3,42.8,28.5,1,7.5,40.0
50.0,4.9,79.7,22.5,56.3,1,9.5,30.4
37.4,0.3,61.3,36.1,35.7,1,8.1,4.4
71.1,3.7,68.3,20.0,35.0,1,5.9,43.6
59.1,4.2,51.7,82.2,15.8,3,7.9,23.4
88.9,1.7,23.3,58.6,46.5,4,9.0,32.8
87.5,1.1,28.0,43.6,42.1,1,6.9,25.8
55.6,1.5,72.4,71.3,17.6,5,8.9,31.5
96.9,2.8,99.6,68.6,67.8,1,6.4,45.8
53.9,0.8,21.3,94.9,68.3,4,6.1,32.2
68.5,7.6,64.6,96.7,21.0,5,7.5,47.2
51.6,3.2,80.1,72.9,41.9,3,6.8,26.0
95.8,6.5,86.1,84.5,89.2,3,9.9,84.0
45.7,7.8,63.6,82.4,64.5,1,7.1,44.7
37.9,0.6,69.6,56.8,50.0,2,6.3,26.9
63.3,5.2,75.7,74.9,54.5,5,6.4,43.6
99.5,7.0,88.7,21.7,32.7,2,7.3,37.8
93.0,5.1,29.8,79.4,84.0,1,6.1,45.2
83.7,3.4,94.1,96.8,92.7,4,8.3,49.4
92.9,3.4,22.1,22.2,92.4,4,6.3,37.1
93.1,0.3,86.9,86.1,34.0,1,6.3,32.4
68.7,4.3,26.1,94.3,41.4,1,7.7,46.0
55.5,7.9,35.6,34.2,28.7,1,4.4,16.1
85.2,7.7,20.3,59.6,41.1,1,7.9,35.2
78.0,0.3,55.6,93.9,43.3,4,7.0,29.5
59.3,5.6,46.7,96.6,68.8,1,6.7,57.5
41.1,2.4,33.3,25.9,31.1,4,8.3,9.1
83.5,7.2,56.1,44.7,93.1,1,8.5,56.3
52.1,0.4,52.2,74.3,23.8,5,9.1,33.6
95.9,7.5,81.4,33.8,15.6,4,6.2,39.2
50.7,6.7,91.5,42.6,87.7,2,6.0,34.8
43.0,0.9,72.2,17.0,74.8,3,8.3,13.5
89.0,0.5,30.0,28.0,45.2,1,7.5,27.1
45.0,6.7,43.6,62.8,65.6,1,7.8,28.3
46.7,1.2,93.1,70.5,34.0,3,7.3,32.4
74.0,4.3,27.1,70.2,29.3,1,8.6,32.0
91.8,7.3,52.5,81.2,55.0,4,5.1,56.1
47.8,4.5,95.4,50.3,45.0,2,7.3,38.0
55.2,3.2,96.1,38.2,67.3,1,4.9,24.7
85.5,3.6,52.9,16.3,33.5,3,6.4,17.9
98.2,0.5,73.4,32.6,71.3,3,8.0,42.5
67.5,7.8,56.5,41.6,80.2,4,7.0,43.6
44.4,2.5,80.3,30.1,29.2,1,6.3,0.0
35.9,1.5,22.5,16.7,18.7,3,9.3,11.9
49.9,2.3,31.5,28.4,52.4,5,8.6,15.6
43.6,7.7,69.1,71.6,80.8,2,7.2,52.9
79.0,0.8,38.6,68.5,70.3,5,9.7,51.2
42.9,6.9,73.3,94.5,74.7,4,6.5,53.1
67.9,5.7,48.1,82.8,49.2,3,8.7,52.8
80.1,6.6,90.9,63.3,35.0,5,5.0,48.1
72.8,7.8,85.5,26.7,60.2,5,5.7,58.8
48.0,6.7,59.4,62.9,32.4,2,6.0,25.0
87.3,7.5,81.8,20.2,76.7,5,4.6,49.4
81.5,1.0,41.7,51.6,31.7,1,7.0,28.0
83.0,6.4,59.5,48.2,39.8,1,5.2,34.9
43.5,4.4,35.8,51.4,58.1,1,7.8,37.3
43.0,4.3,88.9,38.8,56.4,2,5.1,27.1
95.3,7.2,85.8,73.3,66.1,5,4.7,75.7
60.8,7.8,92.2,86.5,52.2,4,9.8,73.7
54.6,5.6,90.2,80.3,93.2,4,7.9,59.1
66.8,3.9,96.8,68.4,86.4,1,9.6,54.5
78.1,3.7,38.3,60.8,89.7,3,6.9,53.8
97.1,3.1,94.5,17.6,68.5,2,4.2,27.4
53.6,2.9,65.7,76.4,69.0,3,7.4,29.5
95.1,3.1,53.8,61.3,66.8,2,7.3,52.7
36.6,0.7,64.8,38.0,52.0,2,4.1,18.6
71.1,0.6,47.4,42.9,42.4,5,9.2,25.7
76.2,6.2,43.1,94.5,65.3,3,7.7,52.3
41.9,3.6,39.3,68.1,17.2,3,8.5,4.6
44.1,7.4,26.6,55.5,15.6,1,7.0,23.2
62.2,4.9,59.7,67.8,87.4,4,7.7,43.1
97.8,0.3,91.0,50.2,18.9,3,5.5,35.7
73.7,1.3,70.4,55.0,59.6,2,9.8,43.3
95.6,1.6,61.7,39.7,67.3,4,6.4,42.4
87.3,7.8,54.3,52.4,31.8,1,5.0,42.0
65.4,1.7,57.2,73.3,91.1,3,4.3,28.6
86.0,4.1,36.7,18.4,31.2,5,7.8,33.2
36.2,7.5,85.8,82.6,90.2,3,9.9,61.9
42.1,7.8,35.9,39.1,79.9,1,9.4,49.0
88.9,1.9,77.3,73.0,35.5,2,8.2,54.5
86.8,0.4,80.8,69.6,27.8,1,9.9,18.6
50.1,1.2,66.0,70.5,41.9,3,8.3,26.1
69.5,0.5,89.0,66.7,48.8,2,6.0,26.1
74.4,1.6,43.3,96.5,35.9,1,7.6,34.4
91.4,4.5,90.5,58.2,99.9,4,4.5,56.3
74.2,7.3,78.4,77.2,34.5,1,5.3,41.9
61.8,4.3,83.9,75.0,85.6,2,6.5,56.5
59.3,5.0,73.2,35.1,28.5,5,5.2,21.3
62.7,1.6,87.7,39.1,98.3,1,9.7,31.7
77.4,6.4,99.4,51.0,34.2,2,10.0,36.4
91.4,4.9,53.6,38.6,50.8,2,6.2,34.0
64.5,6.9,85.1,46.2,62.5,3,8.3,36.7
51.1,7.6,79.6,48.2,25.2,2,6.4,33.8
50.4,2.8,56.2,66.3,84.4,5,4.8,38.3
83.5,0.7,94.2,33.7,38.3,1,6.0,19.5
88.1,1.8,51.6,83.4,61.7,5,5.4,50.3
41.8,3.5,65.2,52.2,61.7,3,6.0,30.8
39.3,7.6,28.5,75.0,66.2,1,5.3,46.4
73.6,3.0,38.1,21.9,19.7,1,4.7,13.1
44.5,6.2,87.3,54.9,29.3,1,5.3,30.6
88.6,4.3,51.7,17.4,28.7,2,9.4,23.7
55.2,1.5,51.5,72.5,40.7,2,4.5,24.8
44.4,2.6,39.7,44.2,27.3,4,5.9,24.4
94.9,5.2,59.3,95.7,93.4,2,7.2,57.1
45.8,5.4,84.5,42.6,58.6,4,6.1,41.4
53.5,3.5,91.6,62.9,68.0,2,7.1,33.5
45.0,1.8,25.6,36.9,45.4,2,4.3,20.3
42.5,5.8,66.0,67.7,38.5,2,7.9,30.2
36.4,1.4,57.4,54.7,57.8,2,7.4,30.9
38.6,7.5,69.1,46.5,40.0,5,8.1,38.6
46.4,1.5,55.8,32.3,44.2,2,7.4,31.0
38.5,0.9,51.9,24.5,53.5,2,6.6,5.9
73.4,4.0,57.8,25.2,58.0,5,6.1,22.2
79.2,4.2,66.6,99.9,98.7,4,5.4,53.8
60.6,4.1,60.1,50.0,34.0,1,7.0,16.5
55.7,3.5,57.8,15.2,56.5,5,4.2,14.5
67.8,8.0,85.4,96.0,27.7,1,6.0,52.6
91.9,3.9,79.7,16.7,44.7,1,8.1,32.3
90.3,3.8,47.3,50.6,76.0,3,4.7,37.5
37.8,3.4,84.0,76.0,29.8,4,4.4,27.0
46.8,0.5,88.3,92.7,64.4,1,7.9,31.6
50.4,4.7,32.3,75.6,50.4,4,6.4,48.7
51.2,1.8,66.6,54.4,19.4,1,8.8,14.8
72.1,5.1,42.8,97.8,94.3,4,9.6,48.0
62.1,0.4,79.1,18.3,50.2,1,9.7,27.9
38.2,7.9,39.1,98.9,81.6,3,6.6,49.5
59.3,3.8,73.7,87.2,50.4,4,5.6,58.1
69.0,7.2,40.4,94.0,94.7,2,7.7,53.4
41.6,3.8,60.9,36.7,39.7,4,7.8,32.8
89.2,0.5,95.9,27.1,50.0,4,7.7,41.5
38.4,6.6,50.5,71.4,79.5,4,5.9,40.3
95.1,5.2,90.1,58.8,44.2,2,4.4,37.7
41.4,6.3,99.0,59.5,46.0,4,5.3,45.9
89.8,3.4,90.0,93.6,99.6,4,4.9,65.3
93.7,5.1,33.3,67.7,62.2,2,4.7,31.1
98.7,6.8,85.6,41.4,73.6,4,9.6,48.0
87.1,5.0,22.6,49.0,69.7,5,4.1,20.4
85.7,2.8,51.5,26.3,85.4,5,7.6,45.3
76.8,5.3,89.7,31.3,88.3,4,9.7,48.9
85.6,5.4,75.1,27.2,62.9,4,6.2,40.7
43.7,7.7,62.6,83.9,40.0,5,7.2,32.0
69.8,3.0,51.0,74.9,16.9,2,8.2,20.5
68.4,3.4,85.0,60.1,67.2,4,5.9,38.9
90.7,6.5,76.8,46.8,85.2,1,6.9,46.1
65.1,4.0,57.5,71.8,53.3,2,8.9,40.4
60.0,5.9,91.4,84.1,29.0,5,8.5,51.6
76.6,3.7,38.4,89.9,39.5,2,8.9,57.3
52.3,1.7,33.6,61.5,58.3,5,9.9,32.2
44.1,6.0,71.4,84.7,86.1,3,6.2,58.9
66.1,1.0,97.8,58.5,29.6,2,8.5,23.0
62.1,1.6,39.8,55.3,67.0,1,7.6,15.4
50.1,5.0,40.0,88.6,79.0,3,8.0,43.1
58.9,6.0,31.2,47.8,94.6,3,8.4,31.6
58.8,7.2,88.8,48.7,24.9,3,8.5,38.9
56.3,2.2,38.1,40.9,93.7,1,9.3,26.8
59.7,0.9,60.3,59.1,66.1,2,6.1,14.1
79.6,7.6,99.3,61.3,80.2,1,7.9,71.0
54.3,1.2,21.0,71.1,19.6,2,5.7,12.3
96.7,1.6,64.5,51.6,58.0,5,7.6,27.6
94.6,2.3,61.0,33.5,67.9,1,8.5,43.2
66.3,4.2,84.6,88.7,41.1,4,8.7,40.5
56.3,7.1,48.4,44.4,51.7,1,6.5,43.0
69.8,6.1,52.8,93.5,62.1,3,7.1,44.4
90.2,5.7,33.4,32.6,62.0,5,6.0,36.1
77.4,1.4,79.3,62.6,18.6,2,5.0,28.9
87.3,2.9,82.8,60.6,52.4,1,5.6,42.7
69.6,3.8,30.9,85.4,33.2,3,9.5,42.8
76.1,1.2,51.5,26.8,92.9,2,5.9,31.2
53.7,2.2,91.4,92.3,98.0,5,9.8,59.7
82.8,2.5,20.2,60.2,40.5,5,5.4,36.7
48.2,1.0,43.9,64.8,29.9,4,8.3,24.8
80.2,4.4,64.4,58.4,33.7,4,7.4,37.1
90.9,5.6,46.7,18.1,55.6,4,8.2,26.8
43.6,0.6,41.8,57.3,89.3,4,7.9,36.9
74.9,3.8,56.8,37.4,57.5,3,8.2,35.9
41.2,6.3,34.5,44.1,19.7,5,9.4,24.5
82.2,6.0,62.4,70.2,18.4,2,7.4,48.7
40.5,6.5,76.5,57.3,34.3,1,4.4,18.9
95.8,3.6,66.0,22.9,86.6,4,5.6,56.1
43.9,6.6,27.4,21.2,67.8,4,8.2,31.9
97.3,1.9,87.6,30.8,62.9,5,7.0,43.3
87.1,2.9,34.0,31.2,42.1,2,7.3,23.4
73.6,1.4,81.2,66.7,94.0,3,7.6,32.9
85.9,3.7,48.8,30.1,43.2,3,6.3,29.3
86.7,3.1,82.6,89.9,86.0,2,8.6,58.0
96.5,1.9,36.5,32.8,91.2,4,8.3,46.4
51.5,6.0,34.9,22.7,56.1,3,8.3,28.2
73.4,2.5,59.8,89.4,91.0,4,8.3,34.2
41.2,2.2,22.6,40.1,38.5,3,9.3,6.0
75.1,1.0,38.0,51.2,71.0,2,7.6,47.6
46.1,3.5,77.9,96.5,22.5,5,9.8,30.7
71.7,2.4,87.0,95.3,55.3,3,4.7,55.1
72.2,3.0,26.5,75.8,33.5,4,7.8,25.2
65.3,1.9,90.6,20.9,20.3,3,8.3,20.5
69.0,6.1,83.8,65.4,15.3,2,6.9,41.6
84.7,7.4,89.6,99.1,42.6,5,5.7,52.3
87.0,4.0,75.9,95.5,65.1,2,7.3,64.7
67.0,5.1,73.9,24.0,53.7,5,6.2,36.8
74.0,6.9,62.0,48.7,40.7,3,9.5,46.0
95.5,8.0,72.2,41.8,99.3,1,6.1,54.5
42.8,4.9,93.5,26.0,94.9,1,5.1,42.2
42.6,7.1,28.0,74.1,25.7,5,7.5,47.6
40.7,7.3,45.3,38.3,50.3,3,6.4,30.9
77.8,6.3,25.8,44.3,70.2,2,4.6,51.8
62.2,3.7,95.6,22.7,77.3,5,7.4,35.6
85.3,0.6,55.6,57.3,46.1,4,7.2,38.5
78.6,0.1,74.0,28.4,78.4,4,5.0,35.6
56.7,3.8,87.3,51.7,25.6,4,7.6,23.5
93.4,4.0,99.3,27.2,43.2,1,7.4,38.1
84.6,3.3,32.9,96.1,75.9,1,8.6,47.1
52.6,4.5,84.0,27.3,68.2,4,6.2,29.0
58.7,4.4,91.0,59.4,86.2,1,5.5,46.7
55.4,6.7,23.9,31.7,19.0,4,9.7,27.9
45.2,0.9,80.3,21.5,29.8,1,7.4,13.0
44.6,1.8,48.4,32.2,19.1,2,4.2,9.5
95.8,6.3,71.9,19.7,31.3,4,8.9,38.8
63.5,6.8,61.1,26.8,15.4,4,5.2,24.7
59.9,8.0,40.8,56.9,57.9,4,8.7,46.4
82.4,7.0,30.8,70.4,59.9,4,8.2,44.0
70.9,7.1,29.4,22.4,70.9,1,9.8,58.8
95.8,2.5,28.3,52.5,47.7,5,9.8,26.6
85.7,3.2,71.0,64.4,15.3,2,5.6,26.2
66.2,2.1,48.1,34.9,72.3,1,8.6,25.6
59.5,4.9,37.3,46.6,19.6,5,5.9,42.7
99.1,7.5,75.4,21.1,88.6,1,7.8,41.0
81.7,2.8,74.9,33.7,16.9,3,7.6,29.9
96.8,4.5,63.1,54.7,60.1,3,4.3,44.9
42.7,2.4,94.8,99.2,91.1,4,4.0,50.7
90.3,1.4,50.8,99.7,63.7,1,4.3,50.7
76.4,1.6,86.9,98.3,66.7,1,4.8,53.2
42.9,0.5,26.0,51.0,72.9,3,5.5,18.4
73.2,7.6,79.2,21.9,25.4,3,9.4,38.5
79.6,3.2,99.1,42.5,72.4,4,7.1,29.9
35.8,6.7,87.7,35.2,89.8,4,8.8,46.8
64.5,5.5,66.4,16.2,97.8,1,9.0,34.7
88.7,1.5,70.1,23.1,52.7,5,8.4,32.0
54.2,1.4,48.3,53.5,44.3,3,6.3,10.4
64.8,6.5,74.4,43.9,79.0,5,9.2,53.9
63.8,2.1,81.6,30.3,61.1,5,8.5,20.9
54.6,7.3,99.9,75.9,36.9,1,8.5,46.4
94.7,1.1,59.4,45.4,29.6,3,9.4,20.4
85.8,5.4,24.9,87.4,29.5,3,7.6,33.9
42.2,6.5,67.7,35.5,54.0,3,7.2,43.5
99.8,1.9,29.5,60.8,29.5,2,9.3,35.9
92.1,2.2,39.6,30.7,16.7,3,6.7,31.0
53.5,7.7,46.3,57.1,19.4,3,8.9,47.1
89.4,2.1,78.5,28.0,94.0,1,4.3,31.7
41.9,3.4,34.7,28.7,21.2,2,4.0,23.1
99.9,3.5,33.3,67.0,21.2,1,7.2,19.9
78.3,2.0,23.6,37.4,53.4,5,4.4,32.7
77.3,6.2,89.9,29.7,35.8,4,9.9,37.4
40.9,6.2,75.5,94.0,96.8,2,4.0,44.1
93.3,3.0,23.2,18.7,92.4,2,8.3,41.1
36.9,6.7,22.3,63.0,49.4,1,5.5,36.4
50.7,1.7,64.7,61.6,53.1,2,9.8,38.2
44.3,0.0,42.6,36.3,46.9,5,6.3,19.4
85.5,4.6,67.7,53.5,18.2,1,4.2,30.6
47.9,8.0,54.8,22.5,39.9,1,4.2,30.7
94.2,0.3,93.9,76.3,25.4,5,7.3,40.9
77.7,1.7,43.0,33.8,23.7,3,9.9,27.2
37.4,4.2,74.3,31.4,62.7,1,9.9,31.3
35.4,6.5,24.3,41.8,23.4,3,6.0,27.9
38.4,0.7,96.5,91.7,23.7,4,6.9,16.7
74.4,3.2,98.5,82.7,55.8,2,4.6,42.5
87.1,6.0,79.1,95.5,52.6,2,7.1,42.8
50.5,3.0,57.2,70.4,26.7,4,7.6,31.6
90.2,1.5,37.6,71.3,15.4,3,5.5,39.7
38.7,1.6,85.0,55.8,31.4,5,7.7,22.8
87.1,3.3,78.9,91.9,35.1,2,9.4,46.1
95.3,3.8,37.8,58.4,83.0,2,4.0,48.6
85.2,6.9,56.1,45.2,92.8,1,5.4,32.3
80.4,5.1,57.0,69.4,49.5,4,5.3,38.8
89.5,5.5,86.1,61.4,49.4,3,4.7,48.8
37.6,7.9,74.7,25.5,75.6,2,5.0,13.7
48.1,3.3,71.5,48.4,68.3,4,7.8,28.3
43.1,3.2,72.0,41.6,30.7,2,4.6,29.3
67.8,7.4,41.6,87.0,24.2,1,8.4,48.5
83.4,2.0,49.7,47.2,52.2,3,9.3,37.0
76.0,5.8,23.7,84.8,63.0,3,9.6,55.0
90.3,6.0,83.0,52.6,26.8,3,8.0,44.4
45.1,0.8,54.6,79.0,39.9,3,5.2,29.1
82.8,3.7,55.1,26.5,41.0,5,4.5,27.8
47.5,1.6,39.6,93.6,37.2,2,5.4,27.3
52.6,1.5,36.8,55.8,54.2,2,9.8,21.4
81.1,3.7,67.0,37.1,70.5,3,9.8,51.9
98.7,2.3,38.6,35.5,58.3,1,6.3,42.8
74.8,6.4,25.1,37.5,32.1,1,6.0,38.6
38.5,7.3,81.4,46.2,23.7,3,7.1,28.9
75.1,6.4,50.1,76.0,84.9,3,5.8,44.6
37.8,2.1,50.4,95.7,55.7,4,9.9,47.6
92.5,2.2,54.5,71.9,20.3,1,5.3,33.5
81.1,2.0,85.2,61.5,36.9,5,6.2,40.0
46.3,1.1,45.7,53.1,83.3,3,6.6,24.9
41.0,7.6,80.6,85.4,78.9,1,4.8,52.3
46.9,3.2,95.2,87.2,89.4,2,6.3,38.8
98.7,1.8,72.9,39.9,66.2,2,9.1,44.8
64.8,6.8,54.5,96.0,50.9,3,4.8,58.3
86.0,3.2,79.8,48.6,51.3,3,7.5,52.4
76.4,0.3,56.6,83.0,31.5,3,6.4,35.6
72.2,1.3,53.2,97.2,70.3,3,5.0,30.1
44.4,5.1,62.0,74.8,64.7,5,4.1,42.6
96.5,6.3,45.4,28.7,28.2,5,5.6,53.1
54.6,1.7,28.3,64.8,90.3,3,4.4,26.0
72.6,7.3,53.2,25.1,46.3,5,6.3,37.8
80.5,6.8,29.9,82.1,19.2,5,8.9,54.7
77.2,6.8,52.8,38.9,42.9,5,8.3,46.5
96.1,1.8,64.6,74.1,88.9,2,9.7,70.4
44.6,0.4,94.5,92.4,92.9,3,6.6,38.1
68.0,6.9,22.9,30.4,56.7,2,8.2,26.2
61.3,2.4,69.7,48.4,96.3,1,8.0,49.2
65.8,5.0,56.6,70.0,89.4,1,5.3,35.4
42.7,6.1,21.6,50.7,85.1,4,5.8,36.3
43.7,1.0,40.0,29.9,88.1,3,7.2,25.0
53.1,6.2,29.5,17.5,47.5,5,8.8,38.1
54.8,7.5,37.3,49.6,79.3,4,6.8,49.4
62.8,5.8,42.0,70.2,64.1,1,5.4,42.7
74.7,3.5,52.1,63.8,76.2,5,10.0,44.2
76.3,7.0,62.3,28.3,30.1,3,4.7,42.5
61.8,4.2,20.1,53.3,77.2,3,9.7,70.3
61.6,6.0,32.9,46.4,96.4,5,8.9,53.5
49.1,6.6,27.5,38.3,40.7,4,9.0,32.0
73.2,6.0,64.0,77.0,98.8,1,8.8,45.5
55.6,2.3,46.3,41.3,47.2,1,5.2,15.7
37.3,0.9,63.9,60.9,32.0,3,7.8,19.6
62.2,1.9,37.7,93.5,24.5,1,8.5,24.0
65.8,4.0,21.9,60.8,81.7,1,8.5,37.6
49.7,4.0,95.3,67.4,62.2,4,5.6,56.0
72.2,4.7,28.7,21.2,41.1,1,5.1,31.7
71.8,3.2,30.1,30.1,66.7,1,6.0,25.3
80.6,6.3,31.7,23.6,43.2,3,6.9,22.4
77.1,7.3,98.5,80.0,53.1,1,7.4,63.9
77.4,2.0,69.4,86.1,88.3,2,9.0,49.0
55.6,5.9,68.8,30.8,71.8,5,8.6,28.4
86.2,5.4,98.9,33.6,79.8,4,8.1,57.3
70.7,4.2,27.1,42.5,64.6,5,5.6,43.0
63.0,1.5,98.0,65.2,99.3,2,6.9,26.1
75.7,6.4,36.3,67.9,35.5,4,6.0,32.9
58.4,7.7,69.8,73.4,37.3,2,5.4,40.7
68.3,5.8,53.6,91.9,22.9,2,4.1,42.7
82.9,7.3,50.7,40.1,62.1,1,6.0,37.4
92.6,7.9,94.5,71.0,67.1,5,5.5,54.9
94.9,2.8,31.9,62.6,76.7,1,7.4,46.4
67.7,5.1,99.8,41.0,43.5,2,4.4,31.7
68.8,3.8,50.3,92.1,16.0,3,5.6,37.5
87.0,7.9,71.9,23.1,68.7,3,4.3,36.3
55.4,0.8,97.4,75.5,99.9,2,7.8,34.4
89.4,3.3,24.6,76.9,40.0,2,7.4,41.6
67.1,7.0,93.8,92.8,30.6,2,6.0,49.6
42.5,2.3,65.4,59.1,39.0,5,4.9,34.0
39.7,6.3,76.4,42.3,51.2,3,9.7,32.8
89.7,3.1,31.9,85.4,36.3,5,7.5,34.2
38.6,7.8,62.7,80.5,44.5,5,8.1,56.7
53.2,7.1,73.9,57.5,69.2,4,7.2,35.2
56.7,2.4,56.5,80.3,44.3,5,8.8,47.3
46.2,6.2,32.4,37.8,48.7,1,9.4,39.2
55.4,2.7,39.5,65.1,18.4,5,6.3,31.7
83.3,4.9,88.4,88.5,93.0,3,8.1,55.7
36.0,5.3,22.8,42.0,49.6,4,5.4,18.4
88.8,6.6,76.7,56.1,42.9,2,7.9,44.3
90.7,0.2,100.0,95.8,22.4,1,6.4,25.6
59.2,1.8,20.6,82.8,68.9,5,4.0,26.5
45.0,5.7,32.9,90.4,88.4,3,9.7,54.6
74.1,4.5,73.9,47.7,18.5,1,9.2,36.0
42.8,4.0,24.8,99.7,27.3,4,5.7,22.2
58.7,0.4,67.2,28.0,27.4,1,10.0,22.0
97.3,2.8,74.7,59.1,66.2,3,5.9,47.9
99.7,6.9,67.1,55.7,93.3,4,6.8,72.2
85.2,0.2,49.2,82.9,52.2,4,9.1,43.2
55.2,3.2,75.8,92.2,44.2,3,5.8,47.0
79.7,7.6,67.5,77.1,80.1,2,6.7,60.3
80.9,0.4,36.6,68.3,78.1,5,8.0,47.5
60.2,6.0,65.1,51.3,36.0,1,4.8,21.0
76.7,2.1,90.6,58.4,28.7,1,6.5,29.2
35.7,6.9,73.3,58.3,45.4,1,5.9,33.4
48.6,6.0,57.7,16.7,80.9,5,8.1,36.4
69.1,7.1,45.7,57.8,74.1,3,4.8,48.8
45.6,1.7,26.9,87.8,71.6,1,5.4,35.0
45.8,4.3,39.6,75.3,85.5,1,8.3,43.1
89.4,6.2,20.9,82.6,38.6,1,4.9,37.8
99.3,2.0,98.9,48.2,43.9,5,6.5,35.7
71.1,1.8,37.8,60.0,18.6,3,8.3,32.9
89.5,0.2,85.2,17.8,88.8,1,8.6,37.6
99.4,7.7,33.5,47.6,64.5,2,4.6,37.4
44.2,5.7,42.7,55.3,40.3,4,9.1,31.9
64.1,5.1,53.5,36.7,20.9,3,8.3,13.7
60.5,6.0,46.0,17.7,76.5,5,6.0,37.2
40.2,4.3,83.9,73.7,78.6,1,8.6,41.0
84.1,3.8,96.6,52.0,71.6,1,8.4,41.2
63.2,3.6,90.0,50.3,32.3,1,7.6,43.5
65.5,5.1,32.3,36.2,92.6,2,7.4,29.9
44.8,1.6,82.1,60.7,79.0,4,8.4,44.1
46.8,7.1,31.8,52.2,70.9,4,10.0,60.1
94.0,6.5,93.1,55.3,70.3,2,7.5,62.8
37.9,2.8,61.4,64.4,91.9,4,8.9,40.8
50.1,4.6,46.9,15.5,93.9,4,8.5,27.1
54.0,1.1,32.6,92.2,65.6,1,9.1,22.7
66.9,7.8,20.9,21.0,50.4,4,9.7,32.6
73.1,7.2,39.8,53.3,45.9,3,5.2,33.3
67.1,7.4,93.1,32.6,84.6,1,5.0,40.4
40.5,2.7,83.8,59.5,69.8,2,7.5,32.1
50.8,1.4,97.6,38.8,21.6,4,6.7,21.7
89.8,1.7,28.1,88.1,27.1,4,7.4,38.3
76.4,0.7,67.4,48.7,91.5,2,8.8,29.4
77.2,1.0,40.6,69.3,90.2,4,9.6,38.1
78.6,0.6,63.4,36.2,95.9,2,6.5,34.2
84.6,7.9,45.6,16.6,51.4,3,8.3,38.1
38.8,0.6,42.7,49.4,81.6,1,5.2,37.0
58.8,1.1,65.9,60.6,85.4,5,7.2,41.5
70.1,6.6,34.7,54.1,41.8,5,4.1,24.1
57.0,4.6,57.5,96.8,27.4,1,7.0,39.1
89.9,6.2,72.1,75.1,99.7,3,7.3,66.0
66.4,5.0,30.3,99.6,17.6,4,8.4,37.3
85.0,7.1,94.4,40.1,65.8,3,7.9,41.5
90.4,5.1,60.5,82.1,70.3,2,6.2,64.8
67.8,4.2,85.6,62.2,73.0,5,4.0,37.2
94.1,5.7,72.3,67.0,36.7,2,4.7,48.0
73.2,3.6,76.8,98.8,76.3,2,9.8,55.1
90.3,2.8,77.3,70.6,33.4,2,9.5,44.7
57.1,3.7,90.0,91.4,85.5,5,6.0,67.0
67.4,1.4,69.1,76.7,33.6,3,5.6,35.0
69.5,6.4,42.3,25.8,74.2,4,6.6,35.1
41.8,2.1,28.0,74.5,81.6,5,8.1,45.5
60.9,1.2,68.5,56.2,31.1,5,6.1,22.0
94.6,2.0,25.3,93.1,35.2,5,4.4,38.5
76.0,6.7,39.3,83.6,81.2,5,6.4,45.1
46.5,2.6,24.9,23.9,22.3,5,5.6,5.0
57.0,5.5,63.9,26.4,31.2,5,5.9,29.5
47.5,6.9,32.8,20.9,53.7,4,5.0,31.2
36.6,0.6,68.8,56.9,94.1,1,8.0,18.0
95.3,6.1,83.3,21.9,62.8,1,7.2,46.6
64.1,2.5,85.8,76.5,48.0,4,5.6,32.1
55.0,1.7,44.8,62.0,98.2,2,7.3,47.7
73.9,5.5,63.9,86.1,54.4,5,7.0,47.5
35.5,7.3,65.0,38.8,51.9,5,8.8,29.1
53.1,2.4,57.8,59.1,50.0,4,9.7,33.8
80.7,4.6,72.4,25.0,41.5,4,4.8,25.3
76.2,2.3,36.8,90.2,42.7,2,9.3,47.2
98.8,4.4,98.3,29.9,73.5,3,8.2,48.6
75.3,5.0,27.8,23.7,18.5,5,8.2,24.5
66.0,4.9,86.3,32.4,73.0,5,6.2,47.6
84.5,5.0,67.5,83.5,32.1,2,6.1,34.0
93.7,1.1,39.6,24.0,47.7,5,4.0,15.1
81.8,5.5,79.7,67.2,27.5,3,9.9,47.4
97.6,5.4,26.8,78.4,62.0,5,7.6,42.2
85.8,5.5,82.0,78.8,77.0,3,6.4,46.7
91.3,0.6,67.2,31.2,45.1,4,7.3,36.1
42.4,3.6,28.9,20.2,28.9,1,4.2,14.0
82.6,3.3,26.4,53.1,34.3,2,5.0,16.5
63.6,0.7,80.1,32.2,84.5,4,7.7,29.9
71.0,1.8,43.4,74.4,37.8,5,7.1,25.9
77.5,3.5,91.1,45.3,80.8,1,8.7,58.4
98.0,5.9,81.0,53.2,43.2,1,8.0,52.3
99.0,1.9,75.9,24.6,31.0,4,7.6,27.4
53.7,6.6,42.3,63.2,76.8,3,8.9,50.3
82.7,4.4,76.7,30.8,54.8,5,4.4,27.2
83.7,6.1,95.9,72.7,17.7,1,8.1,37.4
57.5,3.8,27.3,21.0,96.6,2,8.3,33.4
43.1,4.0,46.1,98.0,27.6,1,5.7,32.9
37.7,5.0,38.8,73.2,45.0,4,5.2,30.8
85.5,7.4,51.5,30.4,47.7,5,5.3,43.4
66.8,3.9,79.4,16.2,56.6,1,5.2,28.2
99.1,4.2,57.9,43.4,81.8,2,7.1,44.5
65.2,4.8,65.7,28.0,15.5,5,4.8,23.0
98.6,5.9,45.1,33.6,94.3,1,8.0,44.7
61.8,0.6,31.3,89.2,69.9,5,4.6,37.1
86.6,4.1,41.4,66.3,95.8,5,4.2,53.3
40.5,3.9,88.8,30.0,84.5,1,5.9,34.3
71.1,7.4,68.2,62.3,93.9,1,5.2,42.6
87.1,3.9,50.2,36.7,66.1,4,9.9,33.8
95.1,3.7,83.2,98.0,45.4,1,5.8,50.9
88.5,7.7,25.2,17.8,52.6,3,5.3,47.4
37.4,3.6,40.3,77.2,70.9,1,5.2,32.9
59.2,1.4,38.4,80.7,51.3,3,6.2,27.4
38.2,1.7,98.8,20.7,77.2,2,7.6,29.7
42.1,0.8,76.5,29.6,22.8,4,8.7,7.9
78.9,0.0,69.4,47.7,85.5,5,6.2,48.9
81.4,3.5,20.4,88.8,32.4,3,7.8,37.5
85.3,6.2,34.7,60.6,95.2,4,6.9,47.8
91.3,5.9,70.8,70.7,28.2,4,9.1,45.7
83.1,0.3,50.4,81.6,26.0,5,7.4,28.0
87.1,4.6,93.9,85.4,84.0,2,5.7,66.8
38.2,1.2,81.2,55.5,84.6,2,8.2,32.2
50.2,7.5,55.8,58.2,77.8,2,8.9,47.9
75.4,1.3,80.0,76.0,96.6,4,6.8,53.9
90.8,5.0,98.0,37.4,38.0,5,9.9,39.8
35.3,2.6,56.9,87.6,85.3,2,9.3,42.3
68.5,5.1,71.4,16.8,44.9,1,5.2,29.3
79.0,3.3,93.5,31.6,60.7,4,8.7,28.3
36.9,6.1,39.9,83.0,52.9,3,7.6,40.5
61.1,1.8,90.9,43.9,15.5,2,7.2,22.2
93.2,7.2,27.8,27.7,63.8,1,7.1,40.4
78.7,4.0,71.9,30.9,78.5,5,9.1,45.2
50.4,6.0,82.6,60.1,29.8,5,7.7,41.1
90.4,6.8,69.2,86.9,94.2,4,7.2,75.7
57.6,8.0,59.6,21.0,60.1,3,4.3,26.3
90.5,1.8,69.4,17.6,30.2,2,6.7,20.5
54.4,2.3,32.1,54.5,69.9,3,9.4,37.6
73.4,2.0,37.2,96.3,31.3,1,8.3,36.4
60.8,2.1,41.6,38.7,20.4,2,4.3,18.5
52.9,4.7,67.8,96.5,73.3,3,9.3,72.5
92.6,7.9,55.4,90.5,24.4,3,9.0,56.8
47.2,7.9,39.6,39.1,24.0,1,7.3,35.8
40.5,4.2,90.6,84.4,77.9,5,4.1,44.1
57.2,5.1,49.9,73.3,19.7,2,7.4,23.0
81.6,6.9,55.7,58.5,83.8,3,4.3,47.8
87.5,7.5,52.8,50.9,82.7,3,5.9,57.7
99.9,1.6,34.6,84.3,27.0,3,7.8,38.6
54.3,4.2,78.5,82.4,59.1,5,9.5,50.9
61.5,6.7,55.9,79.3,23.2,4,6.1,37.6
43.9,2.4,21.3,99.9,68.8,5,9.2,37.1
72.4,3.5,97.1,55.7,20.3,2,9.5,33.0
99.8,7.9,85.3,83.6,95.3,2,4.1,71.7
80.6,7.9,77.9,88.3,32.7,3,5.4,57.3
73.7,7.2,89.5,33.0,73.0,3,8.3,41.3
60.5,6.4,92.5,18.6,25.9,2,8.5,37.0
94.5,2.2,47.0,49.4,32.8,3,6.4,24.9
67.3,2.6,68.9,87.8,53.3,1,7.9,43.0
43.7,4.4,68.7,39.6,63.7,3,7.7,31.8
58.7,4.5,41.4,74.5,99.9,4,8.4,62.5
39.4,4.0,37.8,15.6,17.2,3,8.3,10.1
48.1,5.1,29.1,45.2,15.0,5,4.5,22.7
36.1,3.3,72.7,67.3,44.8,5,4.9,36.3
64.5,6.0,82.5,26.0,46.1,5,4.8,29.2
76.2,2.7,80.9,91.2,90.1,1,9.6,52.2
57.3,2.6,45.3,28.3,92.6,5,9.5,35.2
62.3,1.0,36.4,92.3,89.8,2,8.8,37.6
97.3,1.5,56.3,33.4,27.2,3,4.7,21.0
83.9,6.8,63.7,99.5,50.0,3,7.4,63.8
70.2,3.6,93.5,66.4,78.4,2,5.1,40.3
53.5,1.8,90.0,22.2,41.6,5,6.2,29.6
93.3,6.1,93.3,20.5,71.4,4,5.6,49.8
50.3,4.4,88.0,21.4,35.2,5,9.0,19.4
56.1,0.2,97.2,65.1,42.5,5,4.9,34.7
94.1,2.5,57.2,83.8,88.1,3,7.9,41.0
69.4,1.4,23.8,49.3,36.3,4,9.9,30.4
83.3,5.2,26.7,52.8,97.0,3,8.1,44.3
73.4,2.2,51.2,65.1,41.0,3,4.5,30.0
77.5,0.5,40.6,60.3,17.0,4,9.4,14.3
54.5,0.4,33.6,73.5,36.7,4,7.9,25.7
50.7,4.7,96.3,55.1,29.6,5,6.7,43.3
56.0,0.2,35.6,75.7,58.1,4,8.0,23.5
45.1,6.8,96.8,99.8,24.6,4,9.3,43.3
91.8,1.2,80.9,44.8,68.2,5,6.9,44.9
53.4,4.9,71.3,16.0,89.4,1,7.2,38.6
71.5,3.6,74.1,25.7,45.8,4,6.7,11.9
86.5,3.5,46.5,62.0,29.3,2,4.4,46.6
85.9,0.6,71.7,44.3,49.0,3,8.7,36.5
63.5,6.4,34.9,94.9,81.8,4,4.8,57.2
66.0,7.1,95.0,68.3,65.3,2,6.4,49.7
99.7,0.1,44.1,59.2,23.6,5,6.3,13.7
78.8,1.4,40.4,82.8,60.7,3,5.7,42.2
88.0,7.2,76.9,37.0,54.8,2,6.4,40.2
93.7,4.4,72.5,84.7,42.8,2,7.7,51.4
86.2,1.2,56.1,15.3,24.4,3,5.9,16.6
47.0,1.6,70.6,67.7,98.4,5,5.0,43.6
71.5,5.3,32.8,94.5,30.0,1,9.2,32.7
41.6,5.8,73.9,82.0,31.4,3,9.8,46.6
77.4,4.8,41.6,87.6,27.4,5,6.8,31.5
97.1,7.6,41.8,48.7,63.5,3,6.0,66.3
68.3,4.0,33.0,85.1,52.7,3,4.3,54.9
63.1,2.4,46.6,61.8,36.2,2,4.2,37.7
37.3,3.8,46.5,67.6,51.5,1,6.4,37.8
97.4,2.9,56.3,20.0,72.2,4,9.6,39.3
41.7,1.8,35.2,32.1,38.9,5,8.4,28.6
37.7,0.4,35.4,61.8,92.8,3,6.1,28.1
51.0,2.8,63.3,20.0,41.0,3,9.8,11.0
39.3,5.7,30.3,78.0,31.8,1,6.6,40.1
64.6,0.1,75.1,86.4,96.1,5,5.7,55.2
68.5,3.5,95.5,93.2,83.9,5,6.6,56.0
55.3,5.2,54.1,23.7,44.2,5,5.3,18.8
38.3,4.9,92.1,94.9,86.5,2,9.3,47.6
42.3,6.2,27.9,20.7,59.1,4,6.2,12.8
60.0,6.5,23.4,55.3,44.5,3,7.9,42.4
38.9,5.7,77.7,86.4,86.4,2,6.3,35.6
80.4,0.8,80.9,21.0,78.9,2,9.4,36.4
48.5,3.8,87.4,16.5,40.3,2,7.9,17.7
54.6,4.8,24.5,17.1,66.6,3,6.9,15.3
60.6,2.0,82.2,58.5,46.4,1,4.8,30.1
62.1,0.3,50.1,84.0,15.1,4,9.4,24.0
35.1,1.8,44.3,25.8,96.8,3,7.3,33.9
42.3,3.6,33.8,25.6,61.7,5,5.7,14.6
91.1,3.3,99.7,63.3,65.9,2,9.3,43.4
35.1,1.4,25.1,34.9,66.0,1,4.3,0.0
68.0,6.6,86.2,77.1,61.8,2,5.9,32.1
66.8,7.4,71.2,95.7,39.7,5,7.2,67.2
56.7,1.6,78.8,80.1,97.6,2,6.0,60.7
63.0,7.4,76.9,89.6,67.8,4,6.9,57.1
85.7,0.1,88.7,59.2,72.0,5,5.6,34.7
89.7,7.4,34.7,85.7,53.7,2,4.8,46.2
51.9,7.6,20.1,30.5,39.5,4,4.2,34.5
56.0,0.1,67.9,20.8,20.5,2,4.9,5.5
50.8,6.1,48.3,70.8,44.8,2,9.7,40.5
66.2,7.8,29.9,19.4,30.0,2,7.5,27.6
79.4,7.2,34.9,90.9,71.3,4,6.9,50.7
49.8,7.8,46.5,73.8,89.7,5,6.3,49.0
56.5,4.4,25.6,95.9,40.7,2,8.3,38.6
95.5,0.6,24.6,41.7,43.3,2,4.8,14.7
38.2,6.8,93.3,56.3,72.0,5,5.7,50.0
65.0,4.9,45.0,78.0,27.7,3,7.9,32.1
81.3,4.9,98.6,35.6,94.0,3,6.9,51.8
44.8,3.3,97.1,61.1,45.9,4,8.6,48.0
38.1,4.6,31.4,71.1,23.6,1,9.4,23.2
44.0,1.2,77.2,98.2,29.8,5,8.9,42.5
94.7,5.9,68.1,78.3,94.3,2,5.1,43.7
35.6,0.6,75.3,25.0,36.0,4,4.5,10.1
47.2,5.8,27.7,55.4,71.3,3,5.0,35.2
37.0,6.8,35.1,65.0,28.3,4,8.7,47.9
42.2,3.8,26.1,27.5,31.5,4,9.5,4.0
75.3,4.1,68.3,51.7,89.7,1,9.6,45.4
50.7,2.5,98.9,39.1,27.6,1,5.8,33.9
72.0,7.8,73.8,25.1,16.6,5,9.0,30.9
73.4,5.9,76.9,58.5,57.6,3,7.2,43.8
90.2,3.0,98.8,29.1,88.3,2,8.9,48.8
35.3,1.4,74.2,65.2,42.7,1,7.3,25.0
90.5,1.8,23.2,29.4,25.9,1,4.9,29.0
75.2,3.7,89.4,76.5,98.5,5,4.5,59.1
45.6,7.5,49.2,31.6,72.5,5,9.7,53.3
85.2,5.9,20.3,91.2,87.3,2,6.6,49.6
90.6,1.7,60.6,17.2,78.9,2,6.1,26.3
51.5,6.9,95.0,59.4,74.4,3,6.1,46.8
94.7,3.0,40.6,42.2,47.7,1,6.3,21.4
64.5,6.8,59.3,34.1,42.6,3,9.7,41.4
74.2,1.9,33.9,55.1,75.9,4,4.4,31.1
99.0,4.9,24.6,86.6,75.9,5,4.7,47.1
58.5,7.4,26.4,92.8,95.8,2,8.7,59.2
87.9,2.1,78.2,40.8,63.3,1,7.3,26.5
55.7,5.5,89.1,28.1,40.0,1,4.8,34.6
86.9,7.9,31.5,76.2,56.6,2,4.2,43.2
74.0,1.2,43.1,64.5,67.2,4,5.3,43.6
49.1,0.7,35.6,32.1,51.3,1,5.6,10.8
61.9,5.4,22.1,79.6,82.2,4,4.1,49.0
55.6,2.7,64.3,59.1,64.7,3,5.3,35.1
40.1,0.6,76.0,70.5,15.8,4,8.4,28.5
36.9,3.8,71.8,45.5,63.4,3,9.1,34.2
57.5,6.0,51.0,52.3,68.9,1,9.4,26.9
36.2,2.3,64.4,30.3,92.8,1,6.3,35.8
45.8,2.7,27.5,79.3,50.2,3,5.9,27.9
82.1,6.8,32.3,28.3,63.8,3,10.0,47.8
81.0,4.2,94.5,81.2,55.4,5,8.6,58.5
83.0,6.7,80.9,82.8,60.2,5,7.2,51.5
55.6,3.6,93.8,78.5,20.7,1,5.5,23.8
92.9,7.6,93.3,16.7,91.3,2,5.9,57.3
73.6,5.2,72.0,38.2,92.4,2,7.1,43.4
43.2,0.9,94.3,54.8,61.6,1,7.3,36.0
44.3,7.1,53.3,65.6,62.3,1,4.1,35.7
80.1,3.9,20.3,93.1,19.9,1,9.8,42.3
46.2,1.1,25.0,46.9,65.8,3,7.5,26.6
68.0,1.2,28.8,89.4,51.5,1,7.5,33.5
99.5,5.5,27.6,28.9,75.3,1,5.3,35.1
35.3,0.4,48.1,46.6,19.0,1,8.6,12.1
36.1,2.3,76.1,19.4,75.4,4,8.4,38.0
99.6,1.1,83.3,78.1,39.4,4,4.6,39.7
73.0,3.5,67.2,27.8,70.4,5,7.6,42.8
43.2,3.3,31.7,36.8,68.3,1,7.9,25.1
93.3,4.2,79.8,80.9,34.3,2,9.0,46.8
92.2,2.2,48.4,60.5,52.4,3,5.2,49.4
69.9,0.3,21.0,16.2,86.0,4,9.3,36.0
75.4,4.9,42.4,15.2,66.5,1,6.8,30.9
52.8,3.0,46.4,58.4,20.8,2,4.6,21.7
38.3,5.2,41.9,40.9,52.6,3,4.6,20.6
73.6,0.9,84.9,30.3,41.5,1,5.2,21.0
54.2,0.1,80.8,67.2,69.5,2,5.7,33.9
78.1,2.0,75.6,34.4,67.2,4,7.0,42.9
89.4,3.7,31.1,65.3,15.9,3,8.5,37.6
36.2,3.2,84.6,47.2,66.7,3,5.1,22.3
73.7,6.5,74.2,30.9,77.5,3,10.0,55.5
50.0,3.0,35.6,26.7,80.3,5,5.0,28.2
91.8,4.2,71.8,35.1,20.0,3,7.6,24.5
51.5,4.7,58.7,17.5,40.8,3,9.6,37.2
74.7,0.2,55.1,41.2,50.8,5,9.0,41.3
71.0,4.1,29.0,91.7,30.3,1,7.9,36.4
60.8,2.8,61.5,85.7,50.8,1,8.3,42.4
79.0,3.4,28.0,46.6,21.0,3,4.8,29.1
82.2,0.8,33.1,63.9,24.6,2,4.1,32.2
71.9,6.3,30.6,63.2,71.8,2,6.6,48.8
84.3,7.5,96.3,85.4,37.3,1,4.5,39.5
98.9,0.2,42.8,35.1,75.5,5,6.1,50.9
62.3,4.8,48.4,40.2,19.1,4,5.3,33.7
68.4,6.1,45.8,40.7,62.8,4,9.5,37.9
35.8,2.3,91.9,18.5,48.3,1,9.3,12.9
86.7,6.3,65.0,41.7,82.7,2,8.9,54.1
68.8,5.1,93.5,89.6,81.6,4,8.3,56.2
61.5,7.4,44.0,92.5,46.9,3,4.9,47.9
41.1,7.8,29.2,24.3,67.9,4,4.3,38.0
92.8,0.3,64.5,53.9,34.3,4,7.9,27.0
60.7,3.6,47.6,47.4,64.3,3,7.9,25.3
79.4,4.4,84.2,56.6,21.9,4,6.2,39.6
44.7,1.2,90.4,62.2,51.9,2,6.8,24.8
97.5,2.7,57.8,16.7,30.5,1,6.9,25.3
46.6,7.9,97.7,86.6,90.1,5,5.4,50.2
48.0,0.1,64.2,97.8,52.8,1,5.9,27.7
90.8,3.6,41.7,70.5,65.2,2,6.5,47.9
94.3,6.7,59.1,71.1,45.6,1,7.6,52.2
48.8,2.6,23.0,59.9,39.5,2,9.7,17.8
65.5,3.8,84.3,43.4,32.2,2,7.2,21.3
82.7,7.8,28.1,27.7,92.5,1,8.4,46.0
92.1,3.8,44.7,64.6,83.0,3,8.8,53.5
59.6,1.0,65.2,18.8,26.3,5,4.7,19.6
68.6,0.4,23.4,85.1,78.5,1,7.9,30.2
83.2,7.6,26.3,50.8,50.6,5,6.9,46.6
82.5,2.1,75.7,50.3,16.3,3,7.4,40.5
85.9,4.0,25.7,42.8,59.9,3,4.2,34.5
72.0,0.7,58.2,97.4,26.1,3,9.4,21.3
41.8,3.4,47.1,29.9,32.8,2,9.7,21.5
93.8,7.4,38.2,27.9,74.2,1,4.0,57.4
91.3,4.0,35.1,29.1,36.9,3,5.3,17.8
86.9,7.8,81.1,71.0,90.8,5,5.1,63.7
41.5,2.1,96.1,99.3,70.9,3,8.7,43.6
48.3,4.0,31.2,35.0,85.7,3,7.6,33.6
83.3,6.9,96.8,92.0,67.3,4,5.1,62.0
36.5,3.6,67.6,38.7,88.9,2,8.9,44.2
98.6,2.2,71.3,70.1,45.7,1,6.1,39.1
59.5,6.8,76.8,18.4,61.7,3,6.8,47.7
81.8,3.1,76.3,57.1,58.9,5,6.3,41.9
92.7,4.2,85.6,70.6,91.8,2,7.1,52.8
60.7,7.8,58.7,60.6,29.0,5,6.9,36.0
55.7,1.5,62.7,35.2,64.1,5,5.6,14.1
74.6,2.4,45.9,85.4,79.1,2,6.5,45.1
72.8,0.2,28.4,97.5,46.5,3,9.5,50.8
61.6,3.1,73.2,54.0,88.7,4,7.0,47.4
74.1,1.6,22.7,69.1,46.7,3,9.5,36.8
95.8,5.4,42.1,82.2,29.7,4,7.3,41.5
65.4,1.5,27.5,35.5,64.6,5,8.6,26.8
47.8,5.4,35.3,88.5,50.7,4,5.8,46.8
59.5,2.1,71.1,38.8,16.3,5,8.7,40.5
60.6,2.8,70.3,80.9,20.9,5,5.6,45.0
43.5,2.8,53.7,24.5,31.6,5,4.1,23.9
45.6,5.7,27.2,39.5,80.4,5,5.0,35.8
79.5,3.7,54.7,60.4,90.8,2,4.1,45.1
57.1,2.9,48.2,59.6,61.4,1,9.7,26.9
97.1,6.8,77.6,87.3,24.0,1,10.0,39.1
50.8,4.6,66.3,99.7,60.4,2,8.6,36.7
41.4,1.7,59.3,24.1,87.7,4,4.6,27.2
84.0,7.2,59.0,38.1,78.7,3,9.4,48.4
92.3,2.7,97.3,45.4,39.7,3,8.5,27.6
53.1,0.3,80.5,55.7,25.5,1,6.0,18.4
48.1,4.0,59.8,57.0,91.6,4,7.0,39.9
47.1,1.0,58.3,87.8,87.6,2,8.0,29.8
68.9,1.9,22.1,80.5,19.6,4,4.1,21.2
65.4,6.0,95.4,16.6,85.0,1,7.0,38.9
51.9,1.0,45.5,53.7,23.3,2,8.4,13.2
37.9,6.5,40.5,67.5,20.4,1,5.1,32.4
66.3,7.5,100.0,54.1,79.5,2,6.7,37.6
97.4,4.9,77.5,26.1,60.6,5,7.2,28.9
77.4,5.7,23.8,48.8,50.2,3,8.4,37.0
67.2,5.7,25.0,50.0,91.8,3,9.8,46.4
42.2,7.9,22.0,31.0,86.3,2,9.1,41.6
51.4,2.7,68.0,79.3,19.9,2,7.7,24.0
54.2,1.3,25.7,42.3,67.4,4,7.5,18.5
84.7,4.2,94.7,65.1,80.6,5,7.6,55.2
92.0,4.3,95.0,58.8,61.8,4,7.3,46.6
93.6,1.4,63.7,89.6,98.6,4,4.4,64.8
99.0,4.9,69.3,25.4,73.3,3,8.2,42.7
98.9,0.1,43.4,24.7,23.9,1,8.3,17.8
96.9,7.4,25.1,40.5,31.9,4,7.1,59.1
39.7,2.1,79.0,51.7,85.2,5,9.2,38.0
44.0,0.3,28.1,40.4,99.7,3,8.0,32.4
54.8,0.9,26.8,79.9,23.4,1,6.2,23.5
70.9,1.9,44.9,35.8,23.5,4,4.1,25.1
41.3,2.2,21.0,22.2,79.9,5,4.4,24.4
90.0,0.3,54.7,50.2,20.5,2,6.1,23.5
75.1,2.2,76.6,80.7,20.8,1,6.8,32.3
70.3,1.5,84.1,87.3,90.5,4,5.0,44.1
45.7,3.0,68.3,77.3,83.0,2,5.1,41.9
51.5,3.1,87.7,62.4,89.9,4,5.4,60.2
45.4,2.7,52.5,76.6,70.3,4,8.7,48.6
90.4,2.6,87.9,72.9,42.4,2,8.6,45.0
73.0,0.7,60.5,34.9,92.0,1,6.3,38.8
82.8,0.2,37.8,61.8,40.4,3,5.0,18.5
54.2,1.6,95.5,80.5,38.4,3,4.7,30.7
59.1,6.1,42.0,42.0,90.3,5,4.5,50.7
61.3,7.9,22.1,70.6,72.9,2,6.3,56.9
84.4,7.4,39.4,55.9,91.1,2,4.3,43.8
85.2,4.0,49.3,57.8,28.3,5,6.0,31.5
48.4,4.3,48.1,22.7,95.9,4,9.8,55.5
96.2,2.5,62.0,71.6,67.1,4,7.0,47.5
42.8,6.2,90.7,88.6,71.8,5,8.9,69.3
93.2,6.1,43.4,27.0,92.7,4,4.8,48.4
41.5,6.8,61.7,46.1,47.4,5,5.6,37.7
52.2,7.2,47.2,19.1,76.2,4,9.7,37.5
90.0,3.5,85.7,17.5,69.4,3,6.3,45.9
46.7,6.1,32.6,99.1,82.0,1,7.9,58.0
61.9,6.5,28.3,56.9,91.2,4,9.9,40.8
64.2,2.5,60.2,45.2,72.8,4,7.3,33.4
50.9,7.4,73.8,38.4,20.7,5,5.8,40.6
81.2,0.8,83.6,98.3,30.6,4,7.2,38.8
90.3,8.0,67.2,36.4,96.1,3,4.3,50.2
91.8,6.2,81.9,76.7,97.3,3,4.7,68.9
57.1,0.7,51.4,39.1,97.2,1,4.0,36.7
69.5,5.2,22.6,21.0,18.1,1,9.3,16.4
51.1,0.3,29.3,73.1,47.5,1,8.0,23.7
50.9,6.2,23.1,15.1,79.6,5,5.8,23.0
45.5,6.4,46.3,72.4,79.0,4,5.3,37.5
96.1,4.8,59.6,36.3,22.3,2,8.1,34.0
92.7,6.9,48.5,78.4,66.8,3,9.5,56.3
85.5,0.8,64.8,80.4,27.1,3,5.8,24.2
68.6,2.2,58.4,76.5,56.9,2,5.9,29.8
66.9,3.3,74.2,17.1,35.4,3,9.1,18.2
69.4,0.3,73.4,74.8,19.5,2,9.4,31.2
69.9,3.6,45.4,99.2,21.8,4,9.5,23.6
63.2,2.1,47.7,35.6,92.4,4,5.8,26.8
43.6,3.1,66.8,38.3,78.3,1,4.7,13.6
43.2,3.4,67.7,84.1,94.2,3,6.6,49.1
96.9,7.0,45.2,28.6,54.9,5,5.8,29.3
66.3,2.2,46.4,71.1,50.1,5,9.3,37.6
97.0,7.1,75.5,79.2,45.5,4,4.2,66.3
45.6,3.4,71.8,18.2,67.4,4,7.8,43.1
71.0,2.6,30.8,62.1,44.9,1,9.4,15.3
48.5,4.0,55.3,63.9,78.4,5,9.9,46.5
51.5,3.3,91.4,40.8,83.1,4,7.9,33.3
37.0,2.1,22.9,89.5,89.4,5,9.7,31.5
42.7,4.0,88.4,28.8,35.6,5,4.5,25.3
94.6,1.2,33.1,46.0,59.8,2,6.2,40.1
55.9,2.8,60.6,87.1,34.0,1,4.1,33.8
74.5,4.5,53.9,31.2,18.2,4,9.9,23.6
65.2,3.3,20.8,84.8,75.2,3,9.4,48.1
61.0,6.6,93.2,21.7,61.7,1,4.2,17.4
69.6,2.1,56.4,56.6,76.5,2,4.1,28.0
47.2,7.8,96.3,21.4,22.4,5,6.2,26.7
99.3,6.3,42.9,72.6,99.6,2,5.6,57.7
88.2,7.7,89.3,82.2,99.5,2,9.1,66.8
83.2,6.7,93.8,87.2,54.5,4,5.0,54.7
65.5,1.1,64.5,98.4,88.6,4,8.7,47.9
44.9,4.2,36.2,72.1,35.7,2,7.3,28.3
94.8,1.4,74.8,80.4,77.7,5,6.3,54.4
57.2,6.5,63.9,58.0,89.7,3,4.9,48.5
38.3,4.7,95.6,92.6,84.2,1,10.0,48.4
57.3,2.1,55.1,69.7,84.0,2,7.7,41.9
86.6,7.4,41.5,90.1,54.4,5,6.6,61.6
75.5,0.9,31.1,35.0,84.7,1,6.2,23.2
83.8,4.5,75.9,57.2,73.7,1,9.4,46.7
86.6,5.8,97.9,77.0,26.3,4,8.9,59.2
48.8,0.5,22.3,32.2,24.7,3,8.9,2.2
95.0,4.8,79.2,33.0,80.6,2,7.7,61.4
63.5,6.5,94.2,98.1,68.2,3,9.3,48.3
76.5,0.5,26.0,51.9,59.1,1,5.8,21.1
35.2,4.1,28.8,30.5,92.1,2,8.2,22.2
99.6,2.1,75.4,43.2,71.1,2,6.4,57.8
53.3,5.3,71.8,48.8,48.7,3,7.6,32.1
39.0,0.9,25.5,68.0,50.2,4,10.0,21.4
64.8,7.5,86.8,93.5,66.4,5,9.9,59.1
43.4,7.2,61.9,98.9,79.6,1,7.1,51.8
44.9,1.5,92.6,70.4,63.0,2,7.4,32.0
76.1,2.6,90.2,74.5,58.2,2,9.4,43.3
60.5,4.7,85.0,42.4,76.8,3,9.9,16.3
94.9,5.7,61.3,87.9,74.9,3,8.7,59.0
55.7,3.5,40.1,33.5,85.6,5,4.4,33.9
82.2,1.3,60.5,24.0,20.3,5,5.9,29.8
65.0,0.8,28.1,97.7,79.2,4,9.4,52.9
77.9,8.0,72.7,88.5,58.7,1,8.6,54.1
74.0,3.6,30.7,40.8,21.3,1,8.5,28.8
65.7,7.0,60.9,72.4,72.7,5,8.0,44.9
96.8,3.9,24.4,54.7,75.9,5,6.5,50.7
57.3,7.4,44.0,42.5,59.5,2,6.4,32.5
46.5,0.7,38.6,39.4,82.5,1,8.9,15.3
79.1,0.9,69.6,26.6,40.5,4,5.8,23.3
90.0,7.4,82.9,61.7,32.2,3,8.1,60.0
37.6,7.6,24.6,53.0,44.8,5,8.4,36.7
64.2,2.5,88.0,58.5,49.9,3,9.1,49.4
93.0,2.8,88.9,33.3,74.2,4,5.9,37.0
83.7,3.6,47.4,94.8,86.9,4,8.5,63.4
99.5,3.3,72.7,69.3,76.3,1,4.6,41.3
69.5,1.5,52.2,91.5,29.8,1,4.8,30.2
77.9,7.2,32.3,24.3,46.1,4,6.5,37.0
54.7,2.0,62.3,67.9,28.5,1,4.3,27.7
96.6,5.6,26.9,87.2,73.4,2,9.7,55.7
58.8,0.5,90.3,43.1,36.1,4,9.4,21.8
83.0,0.3,93.9,31.6,59.7,2,4.3,35.9
61.2,5.2,85.7,37.5,82.3,1,9.0,56.9
71.5,2.7,65.0,38.2,72.0,1,7.1,28.7
81.8,5.2,64.6,53.0,40.4,3,8.2,25.6
68.1,0.8,98.8,42.7,43.3,4,9.3,36.4
94.0,7.6,39.8,38.1,70.5,4,7.5,46.5
62.3,6.0,26.1,70.1,61.7,5,4.7,40.1
77.1,7.0,65.0,19.5,23.2,4,4.0,35.1
57.3,1.1,46.3,43.9,89.3,4,7.0,29.6
61.5,2.6,45.8,73.6,58.6,2,9.7,34.1
63.6,2.9,20.6,29.9,55.2,2,7.4,22.4
43.2,4.3,67.7,33.8,31.9,2,6.2,34.1
41.0,2.4,41.1,32.1,47.0,1,4.2,14.9
78.4,0.5,35.0,15.1,43.3,5,9.5,12.2
77.6,3.0,23.2,55.3,38.0,2,6.0,16.8
78.1,2.0,49.1,18.3,63.2,3,8.2,29.9
36.3,3.1,90.3,38.2,54.3,2,8.2,19.4
56.2,1.6,46.9,99.6,90.6,1,5.5,28.3
47.9,2.1,74.3,93.1,95.0,5,4.4,52.2
85.6,5.0,80.5,33.3,33.7,2,6.3,39.8
90.9,3.1,46.2,41.4,23.5,1,5.9,22.0
51.0,2.8,85.7,54.4,81.8,2,8.2,41.8
78.4,4.3,75.4,86.8,99.6,1,8.9,58.2
43.4,6.2,64.7,83.2,88.4,5,5.3,56.2
52.9,3.0,20.1,25.7,17.0,1,7.2,15.3
44.0,4.7,22.8,25.6,36.4,2,4.2,0.0
53.4,7.7,99.3,50.4,18.7,2,5.3,33.5
78.9,4.2,82.6,89.0,84.8,1,8.6,58.5
94.2,7.3,95.0,90.0,64.4,1,8.8,58.3
48.2,6.3,92.2,24.1,58.7,3,8.7,38.2
70.2,0.5,21.6,63.8,62.1,2,4.9,31.4
80.6,3.4,83.3,28.2,36.5,1,7.3,30.0
96.9,5.6,56.1,73.3,66.1,2,6.5,62.3
74.7,7.9,83.2,92.9,17.6,2,9.9,59.1
51.6,3.7,20.5,53.7,69.9,3,7.9,31.0
75.7,0.7,43.1,22.1,77.4,5,9.6,30.5
55.8,4.5,80.1,64.2,72.2,2,4.9,17.9
98.4,1.0,83.4,49.7,43.2,4,6.7,33.9
61.0,6.0,69.6,83.9,85.2,4,8.6,45.2
79.6,4.1,44.1,43.9,75.8,1,6.2,38.5
36.5,5.8,44.8,89.4,25.9,3,7.8,35.0
61.0,7.0,97.3,38.3,31.6,3,7.1,43.6
91.9,5.0,55.1,28.4,69.2,3,10.0,54.7
74.7,4.9,55.8,41.1,39.6,1,5.0,29.4
63.9,6.0,64.2,18.0,25.2,3,9.6,47.4
95.8,6.7,52.8,38.9,28.2,1,6.4,37.5
90.5,7.0,64.2,71.1,29.1,5,6.8,37.7
55.9,0.3,54.6,27.1,55.6,3,7.2,15.9
70.4,4.4,86.1,24.5,66.6,1,5.6,31.4
66.8,1.7,92.7,26.3,30.0,3,9.8,31.3
76.1,6.9,94.6,21.6,75.6,5,9.5,43.6
56.7,5.2,65.1,89.3,38.9,4,9.8,42.3
50.9,3.4,55.4,95.2,41.5,2,10.0,36.5
94.3,1.5,76.4,19.0,34.0,5,8.0,26.4
95.1,2.7,87.1,79.6,81.7,1,6.7,57.4
89.8,5.6,65.0,77.7,96.6,2,9.1,64.7
98.6,1.6,76.0,99.7,56.9,1,4.1,53.7
83.4,0.7,80.0,44.6,18.6,5,9.0,26.5
84.7,7.1,74.1,39.3,37.1,4,7.0,52.5
84.6,6.1,79.7,53.5,28.4,3,8.0,31.0
66.2,1.6,36.7,87.8,86.6,4,6.2,31.5
64.7,2.3,59.9,76.9,22.2,2,6.2,18.2
50.6,7.8,67.1,55.1,97.2,1,4.2,47.3
76.9,5.7,20.2,35.8,65.0,5,6.5,47.6
53.8,4.9,88.5,76.8,59.0,5,6.5,41.8
51.8,2.5,68.8,87.6,87.0,1,5.3,37.4
73.1,2.4,30.3,49.0,17.3,1,5.5,16.0
61.6,0.3,85.3,71.8,81.1,3,7.5,44.6
49.2,5.8,77.4,49.0,24.9,1,5.9,24.3
88.0,0.3,80.7,55.7,86.5,4,9.0,40.9
90.9,0.0,51.4,59.6,60.0,5,4.7,23.5
45.9,5.8,88.3,80.9,20.2,2,7.5,32.0
35.5,7.6,53.1,98.1,85.8,2,5.0,59.5
56.8,6.1,65.6,52.8,17.3,5,7.2,34.4
86.8,3.8,20.1,44.1,26.8,2,7.3,20.1
89.5,3.9,71.6,46.8,82.8,2,7.9,56.2
44.0,3.5,77.5,26.4,54.5,1,6.6,19.8
85.3,2.6,65.4,40.2,89.9,5,7.1,56.5
42.5,4.2,59.7,22.3,69.0,5,5.1,40.8
60.4,3.4,84.8,51.4,68.0,1,6.8,37.1
99.9,4.8,74.5,29.2,39.8,5,6.2,28.1
47.5,7.2,42.2,44.4,26.4,1,8.0,46.0
45.0,8.0,96.7,82.5,96.7,1,6.6,60.5
62.5,0.6,76.6,35.9,23.9,2,8.7,17.3
75.3,3.1,99.0,67.0,60.0,3,6.6,51.8
95.6,1.4,97.7,91.6,38.2,5,5.4,51.7
98.8,2.8,93.5,63.2,37.5,4,5.6,52.8
39.5,2.3,80.4,31.5,65.5,1,4.3,17.6
44.0,1.4,68.8,44.3,82.8,3,7.2,34.1
86.4,6.1,33.8,65.2,81.1,5,9.0,44.4
52.6,4.0,63.5,58.1,88.8,4,8.6,50.1
92.5,7.4,81.2,27.6,39.9,2,6.6,41.3
78.1,0.3,61.7,53.0,54.6,1,5.2,28.8
42.3,0.5,89.5,61.2,15.8,3,9.2,20.8
89.1,3.2,28.8,37.7,78.5,3,4.3,33.2
46.5,0.6,50.5,67.1,40.7,2,6.4,14.7
62.5,2.1,60.5,21.0,62.7,1,9.1,32.2
70.9,7.9,54.6,43.6,29.4,1,6.4,46.5
67.5,1.7,28.7,83.4,84.6,3,4.7,33.8
79.6,1.6,32.3,37.0,84.5,5,5.6,39.2
77.4,4.6,87.0,66.4,89.6,3,7.6,57.2
99.5,4.0,58.8,49.9,18.9,3,4.9,32.4
100.0,4.6,23.9,41.9,99.4,5,7.9,38.4
68.6,3.0,21.3,92.9,36.1,4,6.6,24.1
41.2,6.6,57.9,44.2,41.3,4,6.0,26.0
82.3,1.1,33.2,35.1,36.2,3,5.4,3.7
98.5,3.4,76.4,92.3,37.7,4,8.9,61.4
55.7,5.5,83.6,78.4,62.0,3,6.4,49.3
65.0,6.9,38.3,73.0,35.4,4,8.4,41.5
62.6,3.0,67.4,19.2,48.5,4,6.6,9.2
38.3,4.5,32.4,26.2,70.7,4,4.6,11.2
78.7,0.6,44.3,69.3,86.1,5,6.6,41.4
58.0,1.4,91.1,32.8,73.9,2,7.0,47.1
86.2,0.6,63.5,34.2,65.5,4,6.7,26.9
89.1,5.8,90.9,81.2,27.6,1,8.9,54.1
88.4,2.3,38.0,39.3,84.4,3,9.5,36.1
62.1,5.8,46.4,21.1,18.2,5,8.7,27.4
55.9,0.5,57.7,18.1,37.5,4,7.5,26.6
83.7,6.9,58.4,52.7,19.9,2,7.2,34.3
87.1,6.7,99.8,67.5,71.7,4,7.9,53.9
66.9,0.7,29.2,88.9,46.3,2,5.7,39.7
93.0,0.2,88.2,24.4,70.4,3,8.9,36.0
44.4,0.5,89.1,31.7,44.5,2,9.1,30.1
92.1,6.8,64.3,60.0,53.7,4,5.6,43.8
41.2,1.9,47.5,45.9,53.9,1,9.4,34.1
45.0,4.4,61.5,56.0,18.9,3,9.1,29.4
69.7,3.4,43.4,93.6,51.6,5,6.5,46.4
39.4,6.4,83.9,61.3,69.5,4,9.5,47.9
38.4,3.9,59.9,50.3,61.4,3,4.7,25.4
35.0,4.0,94.1,99.1,21.4,5,4.2,36.0
63.4,7.9,69.8,20.5,71.8,1,6.1,35.9
85.4,1.2,61.1,94.2,41.3,5,7.4,49.6
37.3,6.6,76.9,57.6,16.2,2,6.1,27.1
77.4,0.4,60.3,57.8,28.2,5,9.7,18.2
88.5,3.8,92.4,93.4,57.3,5,5.5,40.5
45.9,7.1,34.8,58.1,41.4,4,5.7,20.2
44.5,5.3,97.9,52.3,74.0,4,7.8,50.1
91.0,5.5,85.0,38.2,35.5,4,4.0,29.7
88.5,2.1,88.9,71.0,80.7,2,8.4,51.4
70.0,3.3,58.6,63.4,39.4,1,6.3,32.1
88.2,2.9,87.0,33.2,67.8,2,9.9,40.9
41.0,4.2,44.5,75.3,82.9,3,8.1,44.7
60.6,3.7,81.0,69.7,47.8,4,4.3,39.0
83.0,2.6,31.2,48.8,19.0,2,4.6,0.0
51.7,2.4,44.6,15.4,60.5,3,4.5,17.1
83.9,2.0,55.7,53.0,99.6,1,9.7,47.8
67.8,2.9,45.8,15.5,97.4,1,8.1,45.8
83.8,1.2,51.0,21.4,33.8,5,6.6,37.0
65.2,7.0,85.6,51.6,79.2,5,5.2,40.7
58.9,4.8,40.5,22.0,44.3,5,9.2,27.0
49.2,1.1,79.6,38.4,28.6,2,5.2,4.8
48.5,5.6,25.9,70.7,71.6,3,8.2,52.3
83.8,6.8,81.3,41.2,57.6,4,8.6,57.1
42.7,1.9,83.4,99.8,60.8,2,5.8,40.9
40.6,1.2,52.1,92.9,85.3,4,7.0,41.1
46.5,0.1,77.8,64.8,43.6,4,5.3,36.4
46.4,0.4,93.2,97.2,71.7,3,6.3,49.8
88.5,6.1,84.1,88.8,46.1,3,9.8,64.8
60.9,7.9,51.2,42.1,18.6,2,8.2,35.8
99.4,0.4,58.7,78.7,47.1,5,9.1,39.3
43.9,6.0,82.3,26.6,95.8,5,7.2,51.2
77.5,0.6,43.4,73.2,56.1,5,5.4,40.8
64.2,4.7,84.3,56.7,24.2,4,8.3,34.9
60.5,6.0,46.2,16.4,73.5,2,7.0,30.6
91.9,2.9,84.5,38.3,96.9,4,5.1,56.7
98.4,0.1,26.9,96.2,92.2,2,6.5,58.5
91.7,4.8,23.6,41.8,63.6,5,7.8,35.3
47.5,7.9,99.8,30.4,47.0,2,8.4,37.4
49.4,2.1,89.6,30.9,64.4,3,5.5,31.3
77.6,1.5,90.6,55.7,84.4,1,9.3,46.9
53.8,1.0,96.1,86.6,88.2,1,6.3,38.2
82.8,4.4,55.1,79.4,84.6,2,5.6,64.4
